{"fg20_29_made": [[20, "College Right Hash", 1, 1, "make", [2.057142857142857, 9.6]], [20, "Middle", 1, 1, "make", [-1.3142857142857143, 9.266666666666666]], [20, "College Left Hash", 1, 1, "make", [3.771428571428572, 9.933333333333334]]], "fg20_29_missed": [], "fg30_39_made": [[30, "College Left Hash", 1, 1, "make", [0.22857142857142856, 10.600000000000001]], [30, "Middle", 1, 1, "make", [0.2857142857142857, 10.8]], [32, "College Right Hash", 1, 1, "make", [-3.3714285714285714, 12.133333333333333]], [32, "Middle", 1, 1, "make", [-2.742857142857143, 11.399999999999999]], [32, "College Left Hash", 1, 1, "make", [5.485714285714286, 11.666666666666668]]], "fg30_39_missed": [[30, "College Right Hash", 1, 1, "miss", [-9.542857142857143, 11.333333333333332]]], "fg40_49_made": [[40, "College Left Hash", 1, 1, "make", [3.428571428571429, 12.266666666666666]], [40, "Middle", 1, 1, "make", [6.685714285714286, 12.2]], [44, "College Right Hash", 1, 1, "make", [-6.457142857142857, 9.866666666666667]], [44, "Middle", 1, 1, "make", [-4.628571428571428, 11.866666666666667]], [44, "College Left Hash", 1, 1, "make", [-0.05714285714285714, 10.433333333333332]], [41, "College Left Hash", 1, 1, "make", [-1.3142857142857143, 11.133333333333333]], [41, "Middle", 1, 1, "make", [-0.8571428571428572, 11.533333333333333]], [41, "College Right Hash", 1, 1, "make", [-4.571428571428571, 11.6]], [41, "College Left Hash", 1, 1, "make", [5.2, 11.133333333333333]], [42, "Middle", 1, 1, "make", [-0.4, 11.333333333333332]], [42, "College Right Hash", 1, 1, "make", [0.17142857142857143, 10.700000000000001]]], "fg40_49_missed": [[40, "College Right Hash", 1, 1, "miss", [-8.857142857142858, 10.8]]], "fg50_plus_made": [], "fg50_plus_missed": [], "attempts": [[20, "College Right Hash", 1, 1, "make", [2.057142857142857, 9.6]], [20, "Middle", 1, 1, "make", [-1.3142857142857143, 9.266666666666666]], [20, "College Left Hash", 1, 1, "make", [3.771428571428572, 9.933333333333334]], [30, "College Left Hash", 1, 1, "make", [0.22857142857142856, 10.600000000000001]], [30, "Middle", 1, 1, "make", [0.2857142857142857, 10.8]], [30, "College Right Hash", 1, 1, "miss", [-9.542857142857143, 11.333333333333332]], [32, "College Right Hash", 1, 1, "make", [-3.3714285714285714, 12.133333333333333]], [32, "Middle", 1, 1, "make", [-2.742857142857143, 11.399999999999999]], [32, "College Left Hash", 1, 1, "make", [5.485714285714286, 11.666666666666668]], [40, "College Left Hash", 1, 1, "make", [3.428571428571429, 12.266666666666666]], [40, "Middle", 1, 1, "make", [6.685714285714286, 12.2]], [40, "College Right Hash", 1, 1, "miss", [-8.857142857142858, 10.8]], [44, "College Right Hash", 1, 1, "make", [-6.457142857142857, 9.866666666666667]], [44, "Middle", 1, 1, "make", [-4.628571428571428, 11.866666666666667]], [44, "College Left Hash", 1, 1, "make", [-0.05714285714285714, 10.433333333333332]], [41, "College Left Hash", 1, 1, "make", [-1.3142857142857143, 11.133333333333333]], [41, "Middle", 1, 1, "make", [-0.8571428571428572, 11.533333333333333]], [41, "College Right Hash", 1, 1, "make", [-4.571428571428571, 11.6]], [41, "College Left Hash", 1, 1, "make", [5.2, 11.133333333333333]], [42, "Middle", 1, 1, "make", [-0.4, 11.333333333333332]], [42, "College Right Hash", 1, 1, "make", [0.17142857142857143, 10.700000000000001]]], "made_field_goals": [[20, "College Right Hash", 1, 1, "make", [2.057142857142857, 9.6]], [20, "Middle", 1, 1, "make", [-1.3142857142857143, 9.266666666666666]], [20, "College Left Hash", 1, 1, "make", [3.771428571428572, 9.933333333333334]], [30, "College Left Hash", 1, 1, "make", [0.22857142857142856, 10.600000000000001]], [30, "Middle", 1, 1, "make", [0.2857142857142857, 10.8]], [32, "College Right Hash", 1, 1, "make", [-3.3714285714285714, 12.133333333333333]], [32, "Middle", 1, 1, "make", [-2.742857142857143, 11.399999999999999]], [32, "College Left Hash", 1, 1, "make", [5.485714285714286, 11.666666666666668]], [40, "College Left Hash", 1, 1, "make", [3.428571428571429, 12.266666666666666]], [40, "Middle", 1, 1, "make", [6.685714285714286, 12.2]], [44, "College Right Hash", 1, 1, "make", [-6.457142857142857, 9.866666666666667]], [44, "Middle", 1, 1, "make", [-4.628571428571428, 11.866666666666667]], [44, "College Left Hash", 1, 1, "make", [-0.05714285714285714, 10.433333333333332]], [41, "College Left Hash", 1, 1, "make", [-1.3142857142857143, 11.133333333333333]], [41, "Middle", 1, 1, "make", [-0.8571428571428572, 11.533333333333333]], [41, "College Right Hash", 1, 1, "make", [-4.571428571428571, 11.6]], [41, "College Left Hash", 1, 1, "make", [5.2, 11.133333333333333]], [42, "Middle", 1, 1, "make", [-0.4, 11.333333333333332]], [42, "College Right Hash", 1, 1, "make", [0.17142857142857143, 10.700000000000001]]], "missed_field_goals": [[30, "College Right Hash", 1, 1, "miss", [-9.542857142857143, 11.333333333333332]], [40, "College Right Hash", 1, 1, "miss", [-8.857142857142858, 10.8]]]}